,,,,,,,,,,,,,,,,,,,,,,,,,,,
"УМИРАНИЯ ПО ОБЛАСТИ, ОБЩИНИ И ПОЛ",,,,,,,,,,,,,,,,,,,,,,,,,,,
,,,,,,,,,,,,,,,,,,,,,,,,,,,          (Брой)
Области,2010,,,2011,,,2012,,,2013,,,2014,,,2015,,,2016,,,2017,,,2018,,
Общини,Общо,Мъже,Жени,Общо,Мъже,Жени,Общо,Мъже,Жени,Общо,Мъже,Жени,Общо,Мъже,Жени,Общо,Мъже,Жени,Общо,Мъже,Жени,Общо,Мъже,Жени,Общо,Мъже,Жени
Общо за страната,110165,57641,52524,108258,56634,51624,109281,56702,52579,104345,54827,49518,108952,56630,52322,110117,57040,53077,107580,56122,51458,109791,56781,53010,108526,56367,52159
Благоевград,3931,2155,1776,3856,2055,1801,3896,2098,1798,3740,1996,1744,4072,2220,1852,4075,2217,1858,3937,2117,1820,4101,2197,1904,4056,2224,1832
Банско,203,112,91,184,89,95,172,98,74,163,82,81,210,125,85,200,104,96,204,93,111,180,91,89,164,89,75
Белица,112,63,49,98,45,53,125,55,70,105,49,56,114,64,50,131,63,68,95,47,48,128,71,57,107,63,44
Благоевград,722,397,325,716,385,331,810,441,369,738,399,339,862,483,379,806,472,334,819,461,358,893,477,416,857,484,373
Гоце Делчев,363,206,157,352,174,178,334,180,154,321,172,149,356,193,163,350,182,168,350,187,163,368,191,177,353,195,158
Гърмен,140,80,60,152,85,67,146,79,67,129,66,63,139,68,71,140,77,63,167,91,76,135,63,72,151,82,69
Кресна,96,50,46,94,46,48,106,67,39,85,43,42,116,60,56,104,48,56,99,57,42,98,51,47,79,40,39
Петрич,691,374,317,690,382,308,650,367,283,605,342,263,701,359,342,745,407,338,679,365,314,696,391,305,705,406,299
Разлог,316,159,157,276,146,130,281,138,143,306,162,144,305,166,139,290,155,135,278,154,124,272,134,138,322,160,162
Сандански,549,314,235,561,309,252,517,282,235,503,275,228,523,315,208,534,294,240,533,295,238,547,305,242,561,304,257
Сатовча,143,72,71,167,78,89,145,76,69,169,74,95,157,77,80,141,72,69,142,68,74,163,95,68,166,88,78
Симитли,200,117,83,182,110,72,194,106,88,217,117,100,201,108,93,212,123,89,219,112,107,232,132,100,240,131,109
Струмяни,138,78,60,125,62,63,148,71,77,133,67,66,115,57,58,123,66,57,115,64,51,107,51,56,102,45,57
Хаджидимово,129,72,57,127,74,53,143,71,72,140,85,55,141,69,72,145,77,68,126,66,60,139,67,72,121,73,48
Якоруда,129,61,68,132,70,62,125,67,58,126,63,63,132,76,56,154,77,77,111,57,54,143,78,65,128,64,64
Бургас,5555,3034,2521,5520,2989,2531,5557,2965,2592,5373,2885,2488,5540,2897,2643,5531,2905,2626,5467,2910,2557,5688,2992,2696,5503,2910,2593
Айтос,368,200,168,349,171,178,391,217,174,356,208,148,394,196,198,392,209,183,354,196,158,387,198,189,332,189,143
Бургас,2393,1294,1099,2352,1252,1100,2357,1257,1100,2352,1225,1127,2368,1211,1157,2424,1270,1154,2463,1299,1164,2497,1294,1203,2469,1282,1187
Камено,243,137,106,250,152,98,214,99,115,203,127,76,209,118,91,219,124,95,211,119,92,240,142,98,223,124,99
Карнобат,482,254,228,422,227,195,443,242,201,413,208,205,416,219,197,417,203,214,399,216,183,411,193,218,429,230,199
Малко Търново,98,55,43,79,40,39,95,44,51,98,45,53,89,47,42,86,39,47,85,45,40,86,41,45,94,44,50
Несебър,269,148,121,283,171,112,291,158,133,287,159,128,279,151,128,265,150,115,292,176,116,322,174,148,272,158,114
Поморие,330,178,152,355,204,151,362,194,168,334,171,163,396,207,189,396,196,200,368,199,169,393,201,192,383,201,182
Приморско,90,53,37,112,65,47,103,58,45,116,71,45,101,53,48,109,57,52,113,62,51,100,52,48,86,43,43
Руен,282,172,110,327,190,137,345,188,157,274,169,105,295,166,129,268,149,119,306,161,145,290,181,109,305,155,150
Созопол,214,114,100,213,112,101,211,120,91,205,118,87,245,125,120,233,135,98,207,112,95,230,129,101,221,131,90
Средец,359,201,158,356,196,160,341,171,170,355,188,167,351,192,159,323,166,157,286,143,143,307,157,150,314,168,146
Сунгурларе,280,153,127,291,139,152,263,145,118,250,130,120,240,126,114,259,135,124,242,112,130,264,142,122,230,120,110
Царево,147,75,72,131,70,61,141,72,69,130,66,64,157,86,71,140,72,68,141,70,71,161,88,73,145,65,80
Варна,5867,3054,2813,5636,3001,2635,5728,3001,2727,5705,3040,2665,5939,3169,2770,6030,3214,2816,6113,3240,2873,6095,3209,2886,6201,3235,2966
Аврен,217,124,93,170,86,84,191,106,85,156,98,58,188,104,84,181,90,91,197,107,90,181,102,79,186,102,84
Аксаково,345,180,165,339,184,155,327,185,142,310,164,146,349,205,144,307,151,156,328,185,143,393,202,191,339,201,138
Белослав,161,83,78,131,71,60,150,80,70,139,75,64,151,89,62,164,95,69,145,91,54,154,76,78,177,108,69
Бяла,93,45,48,69,35,34,80,48,32,73,33,40,68,34,34,72,34,38,83,49,34,74,41,33,72,42,30
Варна,3429,1777,1652,3322,1786,1536,3455,1762,1693,3580,1864,1716,3616,1896,1720,3736,2004,1732,3806,2020,1786,3711,1944,1767,3904,1982,1922
Ветрино,162,87,75,164,74,90,150,87,63,134,86,48,128,71,57,159,86,73,138,71,67,152,85,67,139,64,75
Вълчи дол,266,144,122,246,136,110,234,128,106,214,125,89,232,121,111,226,121,105,222,114,108,254,149,105,233,126,107
Девня,128,67,61,131,68,63,125,70,55,111,48,63,145,82,63,126,61,65,130,65,65,147,68,79,134,65,69
Долни чифлик,280,149,131,268,137,131,256,126,130,259,143,116,281,155,126,286,156,130,309,153,156,285,146,139,284,144,140
Дългопол,212,112,100,243,139,104,225,116,109,230,134,96,224,120,104,225,130,95,240,124,116,246,131,115,219,125,94
Провадия,434,215,219,411,213,198,402,222,180,381,205,176,412,224,188,402,208,194,369,180,189,339,178,161,355,191,164
Суворово,140,71,69,142,72,70,133,71,62,118,65,53,145,68,77,146,78,68,146,81,65,159,87,72,159,85,74
Велико Търново,4524,2312,2212,4326,2289,2037,4303,2164,2139,3993,2102,1891,4244,2194,2050,4150,2171,1979,4092,2163,1929,4273,2228,2045,4142,2102,2040
Велико Търново,1192,621,571,1164,621,543,1150,576,574,1055,562,493,1098,576,522,1125,609,516,1100,580,520,1128,588,540,1135,593,542
Горна Оряховица,792,407,385,707,364,343,752,373,379,658,318,340,752,395,357,707,353,354,756,388,368,748,408,340,697,365,332
Елена,183,95,88,170,87,83,181,91,90,195,100,95,172,90,82,174,90,84,167,88,79,197,116,81,166,77,89
Златарица,103,45,58,75,47,28,85,39,46,103,59,44,85,42,43,83,40,43,87,56,31,93,52,41,78,43,35
Лясковец,247,137,110,243,117,126,267,126,141,212,116,96,267,140,127,248,116,132,251,137,114,287,143,144,300,143,157
Павликени,536,265,271,578,317,261,506,240,266,517,286,231,490,257,233,506,254,252,481,241,240,505,235,270,507,232,275
Полски Тръмбеш,398,205,193,333,170,163,357,186,171,311,174,137,336,173,163,309,175,134,295,154,141,336,187,149,320,170,150
Свищов,678,359,319,724,403,321,668,372,296,646,335,311,680,347,333,683,371,312,656,351,305,646,327,319,644,340,304
Стражица,286,131,155,252,131,121,245,124,121,232,124,108,272,138,134,229,123,106,223,133,90,242,131,111,212,105,107
Сухиндол,109,47,62,80,32,48,92,37,55,64,28,36,92,36,56,86,40,46,76,35,41,91,41,50,83,34,49
Видин,2399,1122,1277,2279,1139,1140,2287,1161,1126,2032,1051,981,2100,1077,1023,2105,1075,1030,2081,1043,1038,1999,1018,981,1992,1029,963
Белоградчик,173,73,100,136,60,76,150,76,74,130,67,63,137,82,55,144,70,74,141,76,65,134,69,65,134,73,61
Бойница,70,29,41,72,37,35,73,37,36,65,34,31,60,24,36,52,26,26,56,21,35,46,25,21,55,19,36
Брегово,203,95,108,189,96,93,152,81,71,152,73,79,160,67,93,159,88,71,164,93,71,144,74,70,138,72,66
Видин,1078,503,575,1093,564,529,1095,569,526,962,528,434,1002,534,468,1024,528,496,1027,503,524,1007,511,496,929,479,450
Грамада,93,51,42,84,42,42,69,36,33,55,25,30,72,35,37,68,34,34,62,33,29,65,38,27,63,38,25
Димово,192,94,98,188,89,99,188,93,95,180,77,103,193,107,86,188,96,92,174,86,88,153,87,66,172,96,76
Кула,168,79,89,132,67,65,151,77,74,148,76,72,128,59,69,141,69,72,130,61,69,111,64,47,130,64,66
Макреш,106,53,53,76,34,42,71,33,38,57,32,25,66,32,34,48,21,27,54,30,24,63,27,36,57,37,20
Ново село,101,45,56,120,64,56,92,35,57,96,46,50,109,52,57,90,49,41,103,48,55,89,36,53,115,54,61
Ружинци,130,61,69,112,55,57,165,88,77,120,53,67,117,53,64,123,60,63,119,66,53,116,58,58,127,65,62
Чупрене,85,39,46,77,31,46,81,36,45,67,40,27,56,32,24,68,34,34,51,26,25,71,29,42,72,32,40
Враца,3637,1897,1740,3442,1782,1660,3561,1864,1697,3212,1745,1467,3418,1797,1621,3375,1774,1601,3204,1659,1545,3359,1704,1655,3241,1659,1582
Борован,177,87,90,116,57,59,142,80,62,153,89,64,130,73,57,130,77,53,107,60,47,114,66,48,117,56,61
Бяла Слатина,539,292,247,513,281,232,517,271,246,460,249,211,454,241,213,463,234,229,448,237,211,495,238,257,461,228,233
Враца,1083,573,510,1047,558,489,1134,596,538,938,517,421,1085,578,507,1062,553,509,1017,534,483,1044,516,528,1041,548,493
Козлодуй,295,134,161,311,158,153,320,176,144,291,158,133,290,160,130,309,166,143,287,141,146,315,157,158,294,150,144
Криводол,310,161,149,296,142,154,286,154,132,284,146,138,288,147,141,280,146,134,237,128,109,293,152,141,263,130,133
Мездра,423,227,196,423,216,207,412,216,196,390,204,186,419,217,202,376,203,173,406,199,207,414,224,190,411,213,198
Мизия,177,84,93,170,80,90,177,80,97,160,90,70,176,88,88,157,78,79,144,80,64,171,95,76,158,79,79
Оряхово,283,155,128,264,142,122,259,145,114,229,127,102,255,130,125,284,157,127,256,127,129,238,126,112,243,120,123
Роман,159,91,68,143,71,72,148,77,71,144,85,59,143,77,66,145,77,68,156,80,76,141,68,73,143,70,73
Хайредин,191,93,98,159,77,82,166,69,97,163,80,83,178,86,92,169,83,86,146,73,73,134,62,72,110,65,45
Габрово,2218,1159,1059,2176,1103,1073,2233,1126,1107,2120,1097,1023,2135,1077,1058,2234,1170,1064,2169,1106,1063,2327,1142,1185,2184,1120,1064
Габрово,1027,533,494,1057,524,533,1069,546,523,1059,559,500,1050,525,525,1079,563,516,1079,541,538,1144,585,559,1080,561,519
Дряново,241,128,113,208,104,104,211,100,111,195,112,83,198,84,114,195,105,90,213,102,111,226,106,120,210,116,94
Севлиево,707,372,335,698,364,334,757,374,383,668,320,348,690,363,327,727,373,354,692,364,328,740,349,391,689,340,349
Трявна,243,126,117,213,111,102,196,106,90,198,106,92,197,105,92,233,129,104,185,99,86,217,102,115,205,103,102
Добрич,2998,1644,1354,2924,1604,1320,2961,1592,1369,2858,1621,1237,2922,1586,1336,3017,1613,1404,2784,1526,1258,2957,1603,1354,2908,1553,1355
Балчик,282,154,128,270,143,127,303,164,139,301,160,141,319,169,150,352,186,166,339,187,152,313,183,130,320,181,139
Генерал Тошево,338,181,157,362,203,159,336,170,166,323,187,136,328,169,159,320,168,152,310,169,141,281,144,137,281,166,115
Добрич,550,310,240,509,281,228,528,275,253,521,312,209,495,263,232,531,278,253,451,241,210,519,288,231,469,247,222
Добрич - град,1057,577,480,1066,599,467,1100,612,488,1042,588,454,1091,603,488,1107,593,514,1058,590,468,1151,614,537,1181,585,596
Каварна,271,158,113,235,116,119,236,127,109,206,119,87,222,110,112,261,135,126,209,113,96,241,126,115,221,118,103
Крушари,92,43,49,98,49,49,95,54,41,91,45,46,97,57,40,101,63,38,76,41,35,80,44,36,100,57,43
Тервел,259,146,113,265,146,119,252,119,133,270,156,114,249,141,108,236,133,103,247,141,106,255,142,113,222,136,86
Шабла,149,75,74,119,67,52,111,71,40,104,54,50,121,74,47,109,57,52,94,44,50,117,62,55,114,63,51
Кърджали,1713,907,806,1841,977,864,1758,954,804,1713,915,798,1810,979,831,1909,1002,907,1902,1041,861,1959,1011,948,1941,1054,887
Ардино,132,80,52,163,84,79,172,100,72,170,98,72,159,85,74,168,87,81,177,94,83,177,88,89,193,115,78
Джебел,79,45,34,75,44,31,68,44,24,82,44,38,96,48,48,102,58,44,93,58,35,91,54,37,93,59,34
Кирково,287,142,145,290,151,139,290,153,137,280,142,138,306,151,155,300,164,136,317,162,155,317,164,153,303,162,141
Крумовград,242,134,108,244,123,121,217,117,100,194,110,84,230,126,104,267,145,122,232,127,105,256,138,118,232,122,110
Кърджали,691,368,323,760,419,341,727,393,334,742,396,346,733,412,321,765,403,362,797,436,361,807,407,400,787,411,376
Момчилград,192,88,104,175,88,87,170,83,87,149,76,73,176,98,78,190,92,98,156,88,68,187,104,83,204,116,88
Черноочене,90,50,40,134,68,66,114,64,50,96,49,47,110,59,51,117,53,64,130,76,54,124,56,68,129,69,60
Кюстендил,2508,1317,1191,2551,1322,1229,2561,1330,1231,2417,1288,1129,2459,1235,1224,2473,1279,1194,2485,1321,1164,2533,1331,1202,2436,1265,1171
Бобов дол,163,86,77,179,95,84,190,95,95,196,96,100,170,88,82,170,98,72,171,99,72,189,105,84,161,93,68
Бобошево,79,33,46,87,48,39,103,51,52,79,43,36,84,40,44,80,46,34,77,40,37,102,52,50,67,27,40
Дупница,713,402,311,705,376,329,696,379,317,690,382,308,722,367,355,746,394,352,735,389,346,695,365,330,740,400,340
Кочериново,164,78,86,156,69,87,169,83,86,126,62,64,146,66,80,134,68,66,126,69,57,147,69,78,143,70,73
Кюстендил,1039,540,499,1045,553,492,1039,534,505,976,510,466,1028,521,507,989,483,506,1026,549,477,1062,553,509,987,507,480
Невестино,113,57,56,128,58,70,129,73,56,120,72,48,98,48,50,104,46,58,106,47,59,96,45,51,111,56,55
Рила,79,42,37,62,31,31,63,26,37,66,32,34,61,30,31,70,38,32,76,42,34,81,43,38,57,21,36
Сапарева баня,128,65,63,157,78,79,144,75,69,127,67,60,120,56,64,142,85,57,126,64,62,135,83,52,139,77,62
Трекляно,30,14,16,32,14,18,28,14,14,37,24,13,30,19,11,38,21,17,42,22,20,26,16,10,31,14,17
Ловеч,2665,1343,1322,2586,1331,1255,2611,1308,1303,2425,1192,1233,2570,1342,1228,2542,1302,1240,2510,1315,1195,2699,1408,1291,2482,1312,1170
Априлци,91,56,35,76,36,40,83,45,38,64,39,25,80,32,48,92,49,43,96,56,40,85,34,51,69,39,30
Летница,110,49,61,114,55,59,86,44,42,82,39,43,100,43,57,60,33,27,94,49,45,86,38,48,79,38,41
Ловеч,888,454,434,869,453,416,857,432,425,803,392,411,824,435,389,857,447,410,879,448,431,905,512,393,868,468,400
Луковит,327,162,165,317,165,152,339,171,168,296,157,139,317,173,144,322,156,166,319,163,156,357,191,166,299,161,138
Тетевен,333,195,138,341,185,156,339,190,149,332,165,167,372,207,165,343,183,160,283,153,130,374,190,184,310,170,140
Троян,567,256,311,565,291,274,595,283,312,550,260,290,569,305,264,576,298,278,535,280,255,578,272,306,586,305,281
Угърчин,212,96,116,204,91,113,200,87,113,192,90,102,206,103,103,189,82,107,193,103,90,178,93,85,166,81,85
Ябланица,137,75,62,100,55,45,112,56,56,106,50,56,102,44,58,103,54,49,111,63,48,136,78,58,105,50,55
Монтана,3166,1618,1548,3075,1617,1458,3101,1566,1535,2871,1536,1335,2988,1528,1460,2950,1523,1427,2896,1542,1354,2812,1448,1364,2841,1425,1416
Берковица,394,194,200,408,203,205,410,216,194,361,197,164,387,197,190,400,182,218,396,200,196,384,181,203,390,183,207
Бойчиновци,317,157,160,251,130,121,297,136,161,245,111,134,264,135,129,253,137,116,228,119,109,235,127,108,228,109,119
Брусарци,128,65,63,134,66,68,106,45,61,121,60,61,138,74,64,133,64,69,130,78,52,121,58,63,124,66,58
Вълчедръм,260,134,126,268,139,129,247,117,130,242,124,118,235,108,127,240,123,117,231,132,99,233,117,116,206,103,103
Вършец,193,105,88,191,104,87,172,98,74,155,95,60,152,71,81,158,94,64,155,77,78,140,74,66,154,79,75
Георги Дамяново,110,59,51,124,68,56,88,50,38,100,54,46,85,46,39,101,61,40,91,49,42,80,31,49,93,50,43
Лом,572,301,271,551,296,255,568,276,292,518,289,229,570,287,283,536,254,282,581,302,279,512,272,240,553,249,304
Медковец,123,64,59,119,60,59,150,70,80,116,64,52,124,56,68,86,48,38,104,57,47,112,57,55,107,61,46
Монтана,812,426,386,775,407,368,844,451,393,800,423,377,817,444,373,836,459,377,776,426,350,778,411,367,772,408,364
Чипровци,122,63,59,104,59,45,106,52,54,84,48,36,89,45,44,90,38,52,94,46,48,109,66,43,100,55,45
Якимово,135,50,85,150,85,65,113,55,58,129,71,58,127,65,62,117,63,54,110,56,54,108,54,54,114,62,52
Пазарджик,3891,2069,1822,4018,2160,1858,3899,2017,1882,3771,2028,1743,4011,2102,1909,4082,2107,1975,3932,2049,1883,4151,2095,2056,3854,2024,1830
Батак,103,56,47,139,69,70,100,50,50,90,42,48,110,55,55,99,48,51,90,44,46,102,46,56,82,44,38
Белово,187,96,91,197,109,88,156,85,71,139,75,64,173,82,91,148,74,74,174,89,85,179,96,83,157,92,65
Брацигово,196,104,92,184,92,92,179,93,86,181,100,81,167,86,81,165,84,81,172,91,81,170,84,86,169,99,70
Велинград,487,239,248,478,257,221,486,248,238,484,249,235,535,279,256,496,244,252,480,225,255,489,268,221,480,255,225
Лесичово,142,63,79,123,72,51,130,61,69,129,54,75,134,69,65,120,47,73,129,71,58,127,59,68,133,56,77
Пазарджик,1474,814,660,1502,782,720,1490,761,729,1521,837,684,1524,825,699,1592,844,748,1542,832,710,1672,854,818,1500,770,730
Панагюрище,380,199,181,424,252,172,397,204,193,344,193,151,415,214,201,420,203,217,403,198,205,405,201,204,361,206,155
Пещера,252,147,105,253,136,117,265,145,120,243,129,114,238,131,107,243,131,112,231,125,106,262,125,137,252,130,122
Ракитово,168,88,80,189,101,88,186,105,81,150,89,61,194,101,93,221,121,100,172,97,75,187,81,106,189,89,100
Септември,407,219,188,419,222,197,408,222,186,382,200,182,420,212,208,419,222,197,376,193,183,408,204,204,387,204,183
Стрелча,95,44,51,110,68,42,102,43,59,108,60,48,101,48,53,99,58,41,110,56,54,98,53,45,106,57,49
Сърница,.,.,.,.,.,.,.,.,.,.,.,.,.,.,.,60,31,29,53,28,25,52,24,28,38,22,16
Перник,2393,1255,1138,2509,1316,1193,2488,1324,1164,2382,1229,1153,2366,1262,1104,2454,1299,1155,2395,1269,1126,2445,1285,1160,2384,1261,1123
Брезник,210,106,104,242,130,112,258,129,129,234,105,129,221,115,106,245,135,110,223,129,94,256,135,121,245,110,135
Земен,108,65,43,107,57,50,90,51,39,67,41,26,83,44,39,106,52,54,89,50,39,94,47,47,82,45,37
Ковачевци,64,37,27,62,35,27,64,36,28,79,39,40,90,49,41,69,35,34,68,33,35,67,43,24,81,46,35
Перник,1467,768,699,1521,809,712,1509,803,706,1460,758,702,1448,772,676,1452,755,697,1429,757,672,1474,789,685,1427,743,684
Радомир,443,232,211,463,235,228,440,230,210,415,212,203,402,226,176,459,261,198,449,230,219,453,225,228,436,253,183
Трън,101,47,54,114,50,64,127,75,52,127,74,53,122,56,66,123,61,62,137,70,67,101,46,55,113,64,49
Плевен,5123,2680,2443,4970,2583,2387,4986,2581,2405,4506,2421,2085,4821,2492,2329,4745,2480,2265,4624,2403,2221,4626,2333,2293,4567,2393,2174
Белене,192,102,90,165,91,74,178,90,88,136,81,55,169,91,78,195,108,87,175,92,83,180,98,82,170,85,85
Гулянци,389,207,182,369,193,176,358,178,180,300,159,141,339,165,174,347,176,171,326,167,159,320,148,172,299,153,146
Долна Митрополия,549,274,275,550,278,272,515,276,239,431,234,197,490,253,237,492,237,255,440,211,229,429,210,219,457,230,227
Долни Дъбник,299,149,150,269,135,134,288,161,127,266,147,119,253,131,122,231,129,102,275,145,130,224,107,117,230,116,114
Искър,198,106,92,154,84,70,146,78,68,156,82,74,156,81,75,160,74,86,130,67,63,161,75,86,144,78,66
Кнежа,287,153,134,295,158,137,303,155,148,256,121,135,277,151,126,228,114,114,247,132,115,269,144,125,241,122,119
Левски,425,220,205,446,243,203,409,211,198,377,202,175,452,240,212,418,241,177,427,224,203,407,230,177,386,210,176
Никопол,230,120,110,245,120,125,213,104,109,214,106,108,224,121,103,248,129,119,231,120,111,214,89,125,197,101,96
Плевен,1818,970,848,1788,921,867,1870,980,890,1721,913,808,1755,897,858,1755,925,830,1748,925,823,1742,884,858,1790,943,847
Пордим,199,103,96,158,77,81,183,80,103,155,85,70,171,79,92,160,87,73,155,78,77,174,93,81,165,85,80
Червен бряг,537,276,261,531,283,248,523,268,255,494,291,203,535,283,252,511,260,251,470,242,228,506,255,251,488,270,218
Пловдив,9733,5146,4587,9407,4955,4452,9694,5124,4570,9251,4892,4359,9563,4961,4602,9943,5166,4777,9824,5060,4764,9885,5104,4781,9846,5093,4753
Асеновград,887,445,442,895,471,424,901,461,440,816,430,386,903,486,417,961,515,446,923,465,458,958,525,433,958,498,460
Брезово,233,115,118,182,92,90,214,114,100,199,106,93,220,106,114,197,101,96,194,96,98,192,101,91,207,112,95
Калояново,328,173,155,305,143,162,309,163,146,302,144,158,284,129,155,323,164,159,315,152,163,300,158,142,310,150,160
Карлово,825,429,396,827,449,378,793,393,400,788,427,361,792,407,385,821,435,386,812,440,372,796,406,390,815,428,387
Кричим,131,78,53,113,56,57,104,57,47,119,59,60,97,50,47,121,60,61,113,63,50,119,68,51,112,45,67
Куклен,80,41,39,83,44,39,94,53,41,98,58,40,87,54,33,99,62,37,103,55,48,103,54,49,92,56,36
Лъки,55,25,30,42,26,16,44,24,20,48,27,21,52,35,17,48,30,18,64,37,27,38,26,12,48,30,18
Марица,496,259,237,489,276,213,523,290,233,481,268,213,449,238,211,560,309,251,462,244,218,509,286,223,487,282,205
Перущица,85,45,40,75,41,34,88,54,34,81,37,44,72,41,31,75,40,35,76,37,39,86,34,52,75,41,34
Пловдив,3778,1985,1793,3615,1918,1697,3822,2018,1804,3752,1980,1772,3942,2026,1916,3985,2039,1946,4087,2075,2012,4059,2032,2027,4080,2068,2012
Първомай,572,298,274,569,278,291,559,302,257,538,275,263,510,255,255,569,284,285,572,298,274,529,262,267,531,276,255
Раковски,420,225,195,428,212,216,424,212,212,390,209,181,411,221,190,428,230,198,426,223,203,400,223,177,418,220,198
Родопи,546,306,240,484,268,216,553,299,254,468,262,206,532,267,265,554,273,281,526,267,259,549,299,250,572,299,273
Садово,285,153,132,296,163,133,283,156,127,260,137,123,288,146,142,265,156,109,240,120,120,253,127,126,251,128,123
Сопот,122,72,50,110,59,51,140,77,63,113,58,55,109,58,51,119,56,63,123,71,52,135,78,57,129,73,56
Стамболийски,287,148,139,328,174,154,323,188,135,289,147,142,310,171,139,325,152,173,296,165,131,308,162,146,286,148,138
Съединение,270,155,115,255,131,124,232,125,107,228,124,104,232,125,107,209,103,106,211,106,105,254,124,130,223,111,112
Хисаря,333,194,139,311,154,157,288,138,150,281,144,137,273,146,127,284,157,127,281,146,135,297,139,158,252,128,124
Разград,1920,1019,901,1849,965,884,1903,964,939,1845,952,893,1951,1012,939,1937,1026,911,1883,1002,881,1950,1035,915,1922,1006,916
Завет,172,103,69,160,82,78,169,90,79,149,63,86,175,96,79,147,85,62,168,101,67,147,81,66,153,82,71
Исперих,320,166,154,285,156,129,338,177,161,307,162,145,296,162,134,316,172,144,302,161,141,313,158,155,330,186,144
Кубрат,348,184,164,329,181,148,334,173,161,347,191,156,339,170,169,332,175,157,328,174,154,333,160,173,315,159,156
Лозница,128,66,62,117,63,54,133,66,67,122,61,61,157,76,81,133,73,60,140,75,65,114,72,42,140,79,61
Разград,722,387,335,719,369,350,732,375,357,699,374,325,734,386,348,798,410,388,735,384,351,825,450,375,768,390,378
Самуил,123,66,57,122,58,64,99,39,60,97,45,52,134,68,66,97,50,47,109,52,57,107,56,51,109,56,53
Цар Калоян,107,47,60,117,56,61,98,44,54,124,56,68,116,54,62,114,61,53,101,55,46,111,58,53,107,54,53
Русе,3777,2009,1768,3758,1947,1811,3780,1941,1839,3700,1902,1798,3813,1961,1852,3733,1885,1848,3703,1977,1726,3675,1884,1791,3836,2030,1806
Борово,166,89,77,159,80,79,150,83,67,152,82,70,169,93,76,151,75,76,121,74,47,141,73,68,149,85,64
Бяла,277,148,129,265,147,118,257,137,120,249,137,112,226,133,93,270,161,109,258,149,109,231,126,105,250,135,115
Ветово,200,114,86,192,108,84,213,118,95,223,106,117,223,118,105,214,109,105,190,104,86,178,91,87,204,108,96
Две могили,194,103,91,229,120,109,200,92,108,199,106,93,228,128,100,162,77,85,186,88,98,191,84,107,218,114,104
Иваново,273,151,122,249,125,124,232,120,112,210,108,102,251,131,120,265,118,147,268,150,118,225,116,109,239,137,102
Русе,2300,1210,1090,2284,1157,1127,2368,1196,1172,2312,1163,1149,2354,1187,1167,2296,1148,1148,2301,1211,1090,2338,1210,1128,2408,1241,1167
Сливо поле,209,102,107,220,119,101,209,118,91,234,123,111,220,106,114,224,119,105,222,119,103,219,107,112,213,127,86
Ценово,158,92,66,160,91,69,151,77,74,121,77,44,142,65,77,151,78,73,157,82,75,152,77,75,155,83,72
Силистра,1985,1091,894,1968,1062,906,1984,1077,907,1824,1018,806,1971,1033,938,1983,1075,908,1804,1042,762,1905,1057,848,1974,1080,894
Алфатар,64,37,27,64,35,29,74,40,34,64,35,29,79,53,26,65,38,27,69,37,32,64,41,23,77,42,35
Главиница,184,114,70,198,96,102,208,104,104,171,92,79,202,98,104,197,102,95,166,94,72,169,99,70,206,102,104
Дулово,382,209,173,376,197,179,399,216,183,329,179,150,409,229,180,395,220,175,398,238,160,365,216,149,410,226,184
Кайнарджа,80,49,31,93,58,35,73,52,21,68,43,25,54,24,30,61,28,33,66,44,22,85,44,41,63,41,22
Силистра,875,483,392,824,433,391,848,469,379,809,449,360,864,443,421,872,473,399,744,425,319,864,471,393,848,468,380
Ситово,126,61,65,106,63,43,95,53,42,113,62,51,114,47,67,114,61,53,93,59,34,93,51,42,103,48,55
Тутракан,274,138,136,307,180,127,287,143,144,270,158,112,249,139,110,279,153,126,268,145,123,265,135,130,267,153,114
Сливен,3067,1644,1423,2857,1518,1339,2799,1488,1311,2775,1474,1301,2881,1484,1397,2930,1514,1416,2772,1475,1297,2890,1534,1356,2917,1562,1355
Котел,306,161,145,274,144,130,265,131,134,276,126,150,301,160,141,281,143,138,248,126,122,293,153,140,267,159,108
Нова Загора,729,380,349,647,335,312,674,376,298,641,370,271,660,340,320,665,332,333,631,334,297,643,350,293,668,348,320
Сливен,1804,978,826,1730,923,807,1615,853,762,1649,862,787,1705,865,840,1750,920,830,1713,914,799,1737,912,825,1764,934,830
Твърдица,228,125,103,206,116,90,245,128,117,209,116,93,215,119,96,234,119,115,180,101,79,217,119,98,218,121,97
Смолян,1558,812,746,1565,797,768,1586,830,756,1538,798,740,1637,878,759,1658,845,813,1655,860,795,1771,950,821,1669,881,788
Баните,87,45,42,102,52,50,95,54,41,102,54,48,81,40,41,117,59,58,99,54,45,109,50,59,94,52,42
Борино,34,21,13,32,24,8,39,28,11,56,29,27,43,25,18,50,23,27,46,27,19,56,37,19,50,34,16
Девин,193,110,83,183,102,81,175,92,83,171,106,65,206,109,97,207,107,100,187,101,86,196,100,96,178,103,75
Доспат,105,54,51,109,62,47,115,67,48,89,52,37,105,53,52,80,46,34,89,51,38,104,51,53,104,56,48
Златоград,156,72,84,129,65,64,148,73,75,144,76,68,153,80,73,157,84,73,143,68,75,164,88,76,158,83,75
Мадан,137,79,58,144,68,76,129,74,55,166,84,82,158,86,72,155,68,87,152,70,82,174,95,79,188,95,93
Неделино,96,35,61,95,51,44,96,44,52,72,45,27,87,45,42,90,56,34,88,46,42,90,46,44,99,53,46
Рудозем,121,61,60,101,39,62,123,71,52,101,49,52,119,72,47,134,62,72,151,70,81,116,58,58,122,63,59
Смолян,519,278,241,539,275,264,554,269,285,522,252,270,570,303,267,556,288,268,572,312,260,619,352,267,555,278,277
Чепеларе,110,57,53,131,59,72,112,58,54,115,51,64,115,65,50,112,52,60,128,61,67,143,73,70,121,64,57
София (столица),14856,7483,7373,15174,7578,7596,15486,7769,7717,15076,7508,7568,15358,7651,7707,15686,7690,7996,15523,7620,7903,15377,7554,7823,15532,7638,7894
Столична,14856,7483,7373,15174,7578,7596,15486,7769,7717,15076,7508,7568,15358,7651,7707,15686,7690,7996,15523,7620,7903,15377,7554,7823,15532,7638,7894
София,4165,2201,1964,4153,2208,1945,4176,2154,2022,3974,2119,1855,4253,2233,2020,4245,2225,2020,4270,2217,2053,4289,2270,2019,4246,2244,2002
Антон,25,19,6,32,17,15,16,8,8,25,12,13,15,8,7,30,13,17,25,11,14,29,9,20,32,16,16
Божурище,104,59,45,110,56,54,124,67,57,123,60,63,136,64,72,125,72,53,138,66,72,123,67,56,136,74,62
Ботевград,483,247,236,518,258,260,488,264,224,423,223,200,541,290,251,495,261,234,478,248,230,506,267,239,539,292,247
Годеч,136,69,67,103,59,44,129,60,69,119,61,58,119,66,53,116,61,55,128,76,52,113,62,51,125,68,57
Горна Малина,138,73,65,133,75,58,134,68,66,126,62,64,148,83,65,139,79,60,161,93,68,141,83,58,171,78,93
Долна баня,56,29,27,64,31,33,70,35,35,69,34,35,59,29,30,50,20,30,86,48,38,80,44,36,65,29,36
Драгоман,131,82,49,139,68,71,124,66,58,121,66,55,126,68,58,136,74,62,164,89,75,115,68,47,125,76,49
Елин Пелин,370,201,169,392,225,167,378,194,184,419,208,211,373,197,176,401,215,186,374,198,176,397,221,176,382,205,177
Етрополе,178,85,93,179,99,80,206,101,105,185,116,69,197,105,92,189,101,88,192,92,100,211,118,93,200,106,94
Златица,79,39,40,90,54,36,86,44,42,86,43,43,76,38,38,81,42,39,82,43,39,103,58,45,81,43,38
Ихтиман,300,157,143,257,136,121,259,124,135,270,156,114,258,144,114,288,174,114,299,148,151,288,145,143,286,160,126
Копривщица,33,19,14,44,27,17,44,20,24,35,18,17,38,15,23,41,24,17,44,23,21,37,17,20,49,26,23
Костенец,230,130,100,256,144,112,200,105,95,190,97,93,256,142,114,204,95,109,233,98,135,216,108,108,233,127,106
Костинброд,241,134,107,306,169,137,313,165,148,278,153,125,258,134,124,296,166,130,280,145,135,270,131,139,280,149,131
Мирково,99,54,45,63,27,36,68,35,33,66,29,37,80,40,40,86,36,50,56,32,24,74,38,36,49,24,25
Пирдоп,135,66,69,101,47,54,124,62,62,122,65,57,142,70,72,115,65,50,140,77,63,150,84,66,127,64,63
Правец,111,58,53,124,70,54,120,59,61,120,69,51,131,75,56,113,63,50,125,64,61,119,65,54,113,58,55
Самоков,661,333,328,633,323,310,667,343,324,624,344,280,676,336,340,682,338,344,625,334,291,644,331,313,618,320,298
Своге,439,231,208,402,213,189,409,220,189,375,195,180,441,227,214,439,216,223,410,213,197,428,226,202,409,197,212
Сливница,155,81,74,157,88,69,174,95,79,156,84,72,136,79,57,173,90,83,181,96,85,188,98,90,170,102,68
Чавдар,30,13,17,24,9,15,23,9,14,24,15,9,25,14,11,19,7,12,29,12,17,28,15,13,29,14,15
Челопеч,31,22,9,26,13,13,20,10,10,18,9,9,22,9,13,27,13,14,20,11,9,29,15,14,27,16,11
Стара Загора,5374,2852,2522,5139,2659,2480,5146,2695,2451,5026,2603,2423,5396,2818,2578,5312,2744,2568,5203,2747,2456,5331,2767,2564,5257,2713,2544
Братя Даскалови,230,113,117,234,117,117,222,115,107,223,115,108,236,117,119,240,125,115,213,109,104,206,114,92,227,115,112
Гурково,95,52,43,71,40,31,82,42,40,92,53,39,87,47,40,70,37,33,80,46,34,94,58,36,67,34,33
Гълъбово,297,142,155,298,138,160,266,155,111,287,157,130,266,136,130,287,146,141,270,144,126,261,142,119,258,133,125
Казанлък,1150,591,559,1073,552,521,1084,554,530,1058,532,526,1133,587,546,1133,584,549,1132,591,541,1067,519,548,1144,587,557
Мъглиж,183,97,86,182,96,86,196,94,102,194,93,101,225,125,100,183,96,87,215,107,108,205,103,102,198,100,98
Николаево,97,39,58,73,36,37,69,42,27,59,31,28,84,37,47,92,52,40,86,42,44,73,41,32,77,39,38
Опан,103,50,53,114,60,54,113,54,59,113,53,60,88,50,38,103,50,53,99,59,40,107,59,48,95,52,43
Павел баня,239,128,111,235,133,102,258,134,124,220,122,98,240,125,115,290,144,146,263,141,122,294,147,147,265,133,132
Раднево,347,198,149,356,186,170,345,185,160,325,176,149,389,208,181,366,190,176,357,200,157,378,221,157,350,176,174
Стара Загора,2200,1204,996,2097,1086,1011,2104,1115,989,2103,1086,1017,2240,1166,1074,2150,1105,1045,2110,1116,994,2250,1164,1086,2230,1171,1059
Чирпан,433,238,195,406,215,191,407,205,202,352,185,167,408,220,188,398,215,183,378,192,186,396,199,197,346,173,173
Търговище,1984,1018,966,1923,1008,915,1937,985,952,1786,962,824,1851,972,879,1889,1019,870,1850,947,903,1847,978,869,1823,939,884
Антоново,111,57,54,112,57,55,132,63,69,123,75,48,95,52,43,89,49,40,104,57,47,104,57,47,88,45,43
Омуртаг,292,151,141,285,157,128,297,160,137,252,131,121,308,164,144,321,167,154,300,157,143,332,171,161,264,120,144
Опака,131,57,74,143,72,71,119,57,62,97,47,50,116,56,60,117,69,48,130,69,61,107,52,55,114,64,50
Попово,584,311,273,572,294,278,549,269,280,495,265,230,513,284,229,573,307,266,493,247,246,515,272,243,500,264,236
Търговище,866,442,424,811,428,383,840,436,404,819,444,375,819,416,403,789,427,362,823,417,406,789,426,363,857,446,411
Хасково,4000,2076,1924,3840,1983,1857,3807,1975,1832,3717,1954,1763,3947,2059,1888,4034,2069,1965,3849,2035,1814,3957,2093,1864,3771,2001,1770
Димитровград,972,526,446,927,453,474,914,474,440,886,467,419,898,498,400,974,493,481,894,463,431,983,510,473,889,468,421
Ивайловград,107,59,48,118,72,46,125,64,61,101,52,49,115,53,62,114,49,65,102,56,46,122,72,50,138,80,58
Любимец,213,101,112,196,104,92,183,98,85,179,91,88,196,99,97,180,83,97,170,99,71,169,83,86,141,84,57
Маджарово,38,19,19,39,21,18,51,26,25,40,21,19,39,23,16,45,21,24,28,19,9,51,27,24,41,26,15
Минерални бани,103,57,46,95,48,47,101,56,45,106,57,49,85,37,48,105,61,44,96,63,33,116,52,64,109,58,51
Свиленград,356,185,171,312,171,141,339,194,145,331,170,161,328,168,160,366,195,171,384,201,183,322,172,150,350,189,161
Симеоновград,158,88,70,157,72,85,158,74,84,155,78,77,147,79,68,158,87,71,162,85,77,181,91,90,144,86,58
Стамболово,116,66,50,99,48,51,111,58,53,96,51,45,105,65,40,115,55,60,99,54,45,120,68,52,97,51,46
Тополовград,274,136,138,286,153,133,239,132,107,268,146,122,257,134,123,283,138,145,233,131,102,233,123,110,217,113,104
Харманли,463,244,219,435,204,231,427,207,220,368,198,170,456,235,221,420,219,201,386,191,195,398,232,166,380,186,194
Хасково,1200,595,605,1176,637,539,1159,592,567,1187,623,564,1321,668,653,1274,668,606,1295,673,622,1262,663,599,1265,660,605
Шумен,2806,1463,1343,2694,1438,1256,2787,1474,1313,2612,1389,1223,2733,1432,1301,2754,1432,1322,2548,1305,1243,2726,1405,1321,2768,1434,1334
Велики Преслав,258,145,113,258,144,114,230,113,117,197,93,104,249,130,119,263,143,120,199,101,98,222,108,114,234,122,112
Венец,95,54,41,93,51,42,100,49,51,99,63,36,80,48,32,96,55,41,97,52,45,101,49,52,112,57,55
Върбица,133,54,79,117,68,49,126,62,64,139,82,57,125,66,59,130,62,68,136,71,65,153,91,62,128,69,59
Каолиново,173,86,87,146,70,76,153,85,68,144,97,47,146,88,58,161,92,69,150,72,78,155,84,71,187,96,91
Каспичан,164,85,79,162,87,75,149,71,78,146,75,71,147,79,68,154,87,67,154,91,63,137,69,68,152,80,72
Никола Козлево,96,44,52,92,52,40,98,61,37,75,40,35,81,40,41,93,47,46,78,39,39,79,39,40,83,47,36
Нови пазар,275,134,141,308,169,139,306,168,138,253,121,132,296,145,151,272,144,128,259,135,124,308,164,144,267,139,128
Смядово,181,94,87,160,82,78,166,89,77,176,91,85,159,83,76,158,79,79,124,63,61,145,74,71,151,79,72
Хитрино,131,75,56,122,64,58,111,58,53,113,77,36,124,74,50,144,74,70,131,68,63,122,66,56,124,66,58
Шумен,1300,692,608,1236,651,585,1348,718,630,1270,650,620,1326,679,647,1283,649,634,1220,613,607,1304,661,643,1330,679,651
Ямбол,2352,1261,1091,2222,1248,974,2266,1175,1091,2103,1110,993,2203,1179,1024,2341,1219,1122,2105,1131,974,2164,1146,1018,2233,1180,1053
Болярово,146,69,77,114,58,56,80,41,39,104,54,50,106,64,42,121,53,68,120,58,62,119,59,60,114,51,63
Елхово,334,185,149,313,179,134,290,147,143,319,167,152,282,134,148,324,158,166,257,143,114,308,153,155,290,153,137
Стралджа,270,144,126,259,147,112,304,156,148,271,140,131,280,148,132,293,161,132,239,129,110,266,142,124,277,146,131
Тунджа,668,373,295,663,395,268,662,336,326,587,318,269,628,347,281,654,371,283,588,309,279,583,330,253,606,314,292
Ямбол,934,490,444,873,469,404,930,495,435,822,431,391,907,486,421,949,476,473,901,492,409,888,462,426,946,516,430
